clientNo,clientName,clientPhone,clientAddress,clientBirth,clientHobby,clientGender
1,메시,010-1111-1111,서울,1991-06-24,축구,남
2,호날두,010-2222-2222,천안,1988-02-05,,남
3,샤라포바,010-3333-3333,제주,1991-04-19,,여
4,베컴,010-4444-4444,안양,1998-05-02,영화,남
5,네이마르,010-5555-5555,수원,1996-02-05,게임,남
6,윌리엄스,010-6666-6666,서울,1985-09-26,테니스,여
7,아자르,010-7777-7777,천안,1995-01-07, ,남
8,살라,010-8888-8888,부산,1986-04-22,,남
9,루니,010-9999-9999,서울,2000-10-24,등산,남